team,event_team,event_time,event_type,action_player_1,action_player_2,match_no
Argentina,home,23.0,Penalty, Lionel Messi , Penalty ,64
Argentina,home,36.0,Goal, Ãngel Di MarÃ­a , Alexis Mac Allister ,64
France,away,41.0,Substitution, Randal Kolo Muani , Ousmane DembÃ©lÃ© ,64
France,away,41.0,Substitution, Marcus Thuram , Olivier Giroud ,64
Argentina,home,52.0,Yellow card, Enzo FernÃ¡ndez ,,64
France,away,55.0,Yellow card, Adrien Rabiot ,,64
Argentina,home,64.0,Substitution, Marcos AcuÃ±a , Ãngel Di MarÃ­a ,64
France,away,71.0,Substitution, Eduardo Camavinga , Theo Hernandez ,64
France,away,71.0,Substitution, Kingsley Coman , Antoine Griezmann ,64
France,away,80.0,Penalty, Kylian MbappÃ© , Penalty ,64
France,away,81.0,Goal, Kylian MbappÃ© , Marcus Thuram ,64
France,away,87.0,Yellow card, Marcus Thuram ,,64
France,away,95.0,Yellow card, Olivier Giroud ,,64
Argentina,home,98.0,Yellow card, Marcos AcuÃ±a ,,64
Argentina,home,90.0,Substitution, Gonzalo Montiel , Nahuel Molina ,64
France,away,96.0,Substitution, Youssouf Fofana , Adrien Rabiot ,64
Argentina,home,102.0,Substitution, Leandro Paredes , Rodrigo De Paul ,64
Argentina,home,103.0,Substitution, Lautaro MartÃ­nez , JuliÃ¡n Ãlvarez ,64
Argentina,home,108.0,Goal, Lionel Messi ,,64
France,away,113.0,Substitution, Ibrahima KonatÃ© , RaphaÃ«l Varane ,64
Argentina,home,114.0,Yellow card, Leandro Paredes ,,64
Argentina,home,116.0,Yellow card, Gonzalo Montiel ,,64
Argentina,home,116.0,Substitution, GermÃ¡n Pezzella , Alexis Mac Allister ,64
France,away,118.0,Penalty, Kylian MbappÃ© , Penalty ,64
Argentina,home,121.0,Substitution, Paulo Dybala , NicolÃ¡s Tagliafico ,64
France,away,121.0,Substitution, Axel Disasi , Jules KoundÃ© ,64
France,away,,PK,,,64
Argentina,home,,PK,,,64
France,away,,PK,,,64
Argentina,home,,PK,,,64
France,away,,PK,,,64
Argentina,home,,PK,,,64
France,away,,PK,,,64
Argentina,home,,PK,,,64
Argentina,home,126.0,Yellow card, Emiliano MartÃ­nez ,,64
Croatia,home,7.0,Goal, JoÅ¡ko Gvardiol , Ivan PeriÅ¡iÄ‡ ,63
Morocco,away,9.0,Goal, Achraf Dari ,,63
Croatia,home,42.0,Goal, Mislav OrÅ¡iÄ‡ , Marko Livaja ,63
Morocco,away,45.0,Substitution, Ilias Chair , Abdelhamid Sabiri ,63
Morocco,away,56.0,Substitution, Azzedine Ounahi , Bilal El Khannous ,63
Croatia,home,61.0,Substitution, Nikola VlaÅ¡iÄ‡ , Andrej KramariÄ‡ ,63
Morocco,away,64.0,Substitution, Badr Benoun , Achraf Dari ,63
Morocco,away,64.0,Substitution, Anass Zaroury , Sofiane Boufal ,63
Croatia,home,66.0,Substitution, Bruno PetkoviÄ‡ , Marko Livaja ,63
Croatia,home,67.0,Substitution, Mario PaÅ¡aliÄ‡ , Lovro Majer ,63
Morocco,away,67.0,Substitution, Selim Amallah , Jawad El Yamiq ,63
Morocco,away,69.0,Yellow card, Azzedine Ounahi ,,63
Morocco,away,84.0,Yellow card, Selim Amallah ,,63
Croatia,home,95.0,Substitution, Kristijan JakiÄ‡ , Mislav OrÅ¡iÄ‡ ,63
France,home,5.0,Goal, Theo Hernandez ,,62
Morocco,away,21.0,Substitution, Selim Amallah , Romain SaÃ¯ss ,62
Morocco,away,27.0,Yellow card, Sofiane Boufal ,,62
Morocco,away,45.0,Substitution, Yahia Attiyat Allah , Noussair Mazraoui ,62
France,home,65.0,Substitution, Marcus Thuram , Olivier Giroud ,62
Morocco,away,66.0,Substitution, Abderrazak Hamdallah , Youssef En-Nesyri ,62
Morocco,away,67.0,Substitution, Zakaria Aboukhlal , Sofiane Boufal ,62
Morocco,away,78.0,Substitution, Abdessamad Ezzalzouli , Selim Amallah ,62
France,home,79.0,Substitution, Randal Kolo Muani , Ousmane DembÃ©lÃ© ,62
France,home,79.0,Goal, Randal Kolo Muani ,,62
Croatia,away,32.0,Yellow card, Dominik LivakoviÄ‡ ,,61
Croatia,away,32.0,Yellow card, Mateo KovaÄiÄ‡ ,,61
Argentina,home,34.0,Penalty, Lionel Messi , Penalty ,61
Argentina,home,39.0,Goal, JuliÃ¡n Ãlvarez ,,61
Croatia,away,45.0,Substitution, Mislav OrÅ¡iÄ‡ , Borna Sosa ,61
Croatia,away,45.0,Substitution, Nikola VlaÅ¡iÄ‡ , Mario PaÅ¡aliÄ‡ ,61
Croatia,away,50.0,Substitution, Bruno PetkoviÄ‡ , Marcelo BrozoviÄ‡ ,61
Argentina,home,62.0,Substitution, Lisandro MartÃ­nez , Leandro Paredes ,61
Argentina,home,68.0,Yellow card, Cristian Romero ,,61
Argentina,home,69.0,Goal, JuliÃ¡n Ãlvarez , Lionel Messi ,61
Argentina,home,71.0,Yellow card, NicolÃ¡s Otamendi ,,61
Croatia,away,72.0,Substitution, Marko Livaja , Andrej KramariÄ‡ ,61
Argentina,home,74.0,Substitution, Exequiel Palacios , Rodrigo De Paul ,61
Argentina,home,74.0,Substitution, Paulo Dybala , JuliÃ¡n Ãlvarez ,61
Croatia,away,81.0,Substitution, Lovro Majer , Luka ModriÄ‡ ,61
Argentina,home,86.0,Substitution, Ãngel Correa , Alexis Mac Allister ,61
Argentina,home,86.0,Substitution, Juan Foyth , Nahuel Molina ,61
France,away,17.0,Goal, AurÃ©lien TchouamÃ©ni , Antoine Griezmann ,60
France,away,43.0,Yellow card, Antoine Griezmann ,,60
France,away,46.0,Yellow card, Ousmane DembÃ©lÃ© ,,60
England,home,54.0,Penalty, Harry Kane , Penalty ,60
France,away,78.0,Goal, Olivier Giroud , Antoine Griezmann ,60
England,home,79.0,Substitution, Mason Mount , Jordan Henderson ,60
France,away,79.0,Substitution, Kingsley Coman , Ousmane DembÃ©lÃ© ,60
England,home,79.0,Substitution, Raheem Sterling , Bukayo Saka ,60
France,away,82.0,Yellow card, Theo Hernandez ,,60
England,home,84.0,Missed penalty, Harry Kane , Missed penalty ,60
England,home,85.0,Substitution, Marcus Rashford , Phil Foden ,60
England,home,90.0,Yellow card, Harry Maguire ,,60
England,home,98.0,Substitution, Jack Grealish , John Stones ,60
Morocco,home,42.0,Goal, Youssef En-Nesyri , Yahia Attiyat Allah ,59
Portugal,away,51.0,Substitution, JoÃ£o Cancelo , RaphaÃ«l Guerreiro ,59
Portugal,away,51.0,Substitution, Cristiano Ronaldo , RÃºben Neves ,59
Morocco,home,57.0,Substitution, Achraf Dari , Romain SaÃ¯ss ,59
Morocco,home,65.0,Substitution, Walid Cheddira , Selim Amallah ,59
Morocco,home,65.0,Substitution, Badr Benoun , Youssef En-Nesyri ,59
Portugal,away,69.0,Substitution, Rafael LeÃ£o , GonÃ§alo Ramos ,59
Portugal,away,69.0,Substitution, Vitinha , OtÃ¡vio ,59
Morocco,home,70.0,Yellow card, Achraf Dari ,,59
Portugal,away,79.0,Substitution, Ricardo Horta , Diogo Dalot ,59
Morocco,home,82.0,Substitution, Zakaria Aboukhlal , Hakim Ziyech ,59
Morocco,home,82.0,Substitution, Yahya Jabrane , Sofiane Boufal ,59
Portugal,away,87.0,Yellow card, Vitinha ,,59
Morocco,home,91.0,Yellow card, Walid Cheddira ,,59
Morocco,home,93.0,Second yellow card, Walid Cheddira ,,59
Argentina,away,35.0,Goal, Nahuel Molina , Lionel Messi ,58
Netherlands,home,43.0,Yellow card, JurriÃ«n Timber ,,58
Argentina,away,43.0,Yellow card, Marcos AcuÃ±a ,,58
Argentina,away,45.0,Yellow card, Cristian Romero ,,58
Netherlands,home,47.0,Yellow card, Wout Weghorst ,,58
Netherlands,home,45.0,Substitution, Steven Berghuis , Steven Bergwijn ,58
Netherlands,home,45.0,Substitution, Teun Koopmeiners , Marten de Roon ,58
Netherlands,home,64.0,Substitution, Luuk de Jong , Daley Blind ,58
Argentina,away,66.0,Substitution, Leandro Paredes , Rodrigo De Paul ,58
Argentina,away,73.0,Penalty, Lionel Messi , Penalty ,58
Netherlands,home,76.0,Yellow card, Memphis ,,58
Argentina,away,76.0,Yellow card, Lisandro MartÃ­nez ,,58
Argentina,away,78.0,Substitution, NicolÃ¡s Tagliafico , Marcos AcuÃ±a ,58
Argentina,away,78.0,Substitution, GermÃ¡n Pezzella , Cristian Romero ,58
Netherlands,home,78.0,Substitution, Wout Weghorst , Memphis ,58
Argentina,away,82.0,Substitution, Lautaro MartÃ­nez , JuliÃ¡n Ãlvarez ,58
Netherlands,home,83.0,Goal, Wout Weghorst , Steven Berghuis ,58
Netherlands,home,88.0,Yellow card, Steven Berghuis ,,58
Argentina,away,89.0,Yellow card, Leandro Paredes ,,58
Argentina,away,100.0,Yellow card, Lionel Messi ,,58
Netherlands,home,101.0,Goal, Wout Weghorst , Teun Koopmeiners ,58
Argentina,away,101.0,Yellow card, NicolÃ¡s Otamendi ,,58
Netherlands,home,104.0,Yellow card, Steven Bergwijn ,,58
Argentina,away,105.0,Substitution, Gonzalo Montiel , Nahuel Molina ,58
Argentina,away,109.0,Yellow card, Gonzalo Montiel ,,58
Argentina,away,112.0,Substitution, Ãngel Di MarÃ­a , Lisandro MartÃ­nez ,58
Argentina,away,112.0,Yellow card, GermÃ¡n Pezzella ,,58
Netherlands,home,113.0,Substitution, Noa Lang , Cody Gakpo ,58
Netherlands,home,,PK,,,58
Argentina,away,,PK,,,58
Netherlands,home,,PK,,,58
Argentina,away,,PK,,,58
Netherlands,home,,PK,,,58
Argentina,away,,PK,,,58
Netherlands,home,,PK,,,58
Argentina,away,,PK,,,58
Netherlands,home,,PK,,,58
Argentina,away,,PK,,,58
Netherlands,home,128.0,Yellow card, Denzel Dumfries ,,58
Netherlands,home,128.0,Yellow card, Noa Lang ,,58
Netherlands,home,128.0,Second yellow card, Denzel Dumfries ,,58
Brazil,away,25.0,Yellow card, Danilo ,,57
Croatia,home,31.0,Yellow card, Marcelo BrozoviÄ‡ ,,57
Brazil,away,56.0,Substitution, Antony , Raphinha ,57
Brazil,away,64.0,Substitution, Rodrygo , VinÃ­cius JÃºnior ,57
Brazil,away,68.0,Yellow card, Casemiro ,,57
Croatia,home,72.0,Substitution, Nikola VlaÅ¡iÄ‡ , Mario PaÅ¡aliÄ‡ ,57
Croatia,home,72.0,Substitution, Bruno PetkoviÄ‡ , Andrej KramariÄ‡ ,57
Brazil,away,77.0,Yellow card, Marquinhos ,,57
Brazil,away,84.0,Substitution, Pedro , Richarlison ,57
Brazil,away,106.0,Goal, Neymar , Lucas PaquetÃ¡ ,57
Croatia,home,105.0,Substitution, Lovro Majer , Mateo KovaÄiÄ‡ ,57
Brazil,away,105.0,Substitution, Alex Sandro , Ã‰der MilitÃ£o ,57
Brazil,away,105.0,Substitution, Fred , Lucas PaquetÃ¡ ,57
Croatia,home,110.0,Substitution, Ante Budimir , Borna Sosa ,57
Croatia,home,114.0,Substitution, Mislav OrÅ¡iÄ‡ , Marcelo BrozoviÄ‡ ,57
Croatia,home,117.0,Goal, Bruno PetkoviÄ‡ , Mislav OrÅ¡iÄ‡ ,57
Croatia,home,117.0,Yellow card, Bruno PetkoviÄ‡ ,,57
Croatia,home,,PK,,,57
Brazil,away,,PK,,,57
Croatia,home,,PK,,,57
Brazil,away,,PK,,,57
Croatia,home,,PK,,,57
Brazil,away,,PK,,,57
Croatia,home,,PK,,,57
Brazil,away,,PK,,,57
Portugal,home,17.0,Goal, GonÃ§alo Ramos , JoÃ£o FÃ©lix ,56
Portugal,home,33.0,Goal, Pepe , Bruno Fernandes ,56
Switzerland,away,43.0,Yellow card, Fabian SchÃ¤r ,,56
Switzerland,away,45.0,Substitution, Eray CÃ¶mert , Fabian SchÃ¤r ,56
Portugal,home,51.0,Goal, GonÃ§alo Ramos ,,56
Switzerland,away,54.0,Substitution, Denis Zakaria , Remo Freuler ,56
Switzerland,away,54.0,Substitution, Haris Seferovic , Djibril Sow ,56
Portugal,home,55.0,Goal, RaphaÃ«l Guerreiro , GonÃ§alo Ramos ,56
Switzerland,away,58.0,Goal, Manuel Akanji ,,56
Switzerland,away,59.0,Yellow card, Eray CÃ¶mert ,,56
Switzerland,away,66.0,Substitution, Noah Okafor , Ruben Vargas ,56
Portugal,home,67.0,Goal, GonÃ§alo Ramos , JoÃ£o FÃ©lix ,56
Portugal,home,73.0,Substitution, Cristiano Ronaldo , JoÃ£o FÃ©lix ,56
Portugal,home,74.0,Substitution, Ricardo Horta , GonÃ§alo Ramos ,56
Portugal,home,74.0,Substitution, Vitinha , OtÃ¡vio ,56
Portugal,home,81.0,Substitution, RÃºben Neves , Bernardo Silva ,56
Portugal,home,87.0,Substitution, Rafael LeÃ£o , Bruno Fernandes ,56
Switzerland,away,89.0,Substitution, Ardon Jashari , Breel Embolo ,56
Portugal,home,92.0,Goal, Rafael LeÃ£o , RaphaÃ«l Guerreiro ,56
Spain,away,63.0,Substitution, Ãlvaro Morata , Marco Asensio ,55
Spain,away,63.0,Substitution, Carlos Soler , Gavi ,55
Morocco,home,66.0,Substitution, Abdessamad Ezzalzouli , Sofiane Boufal ,55
Spain,away,75.0,Substitution, Nico Williams , Ferran Torres ,55
Spain,away,76.0,Yellow card, Aymeric Laporte ,,55
Morocco,home,82.0,Substitution, Walid Cheddira , Selim Amallah ,55
Morocco,home,82.0,Substitution, Abdelhamid Sabiri , Youssef En-Nesyri ,55
Morocco,home,82.0,Substitution, Yahia Attiyat Allah , Noussair Mazraoui ,55
Morocco,home,84.0,Substitution, Jawad El Yamiq , Nayef Aguerd ,55
Morocco,home,90.0,Yellow card, Romain SaÃ¯ss ,,55
Spain,away,98.0,Substitution, Ansu Fati , Dani Olmo ,55
Spain,away,98.0,Substitution, Alejandro BaldÃ© , Jordi Alba ,55
Spain,away,118.0,Substitution, Pablo Sarabia , Nico Williams ,55
Morocco,home,120.0,Substitution, Badr Benoun , Azzedine Ounahi ,55
Morocco,home,,PK,,,55
Spain,away,,PK,,,55
Morocco,home,,PK,,,55
Spain,away,,PK,,,55
Morocco,home,,PK,,,55
Spain,away,,PK,,,55
Morocco,home,,PK,,,55
Brazil,home,7.0,Goal, VinÃ­cius JÃºnior , Neymar ,54
Brazil,home,13.0,Penalty, Neymar , Penalty ,54
Brazil,home,29.0,Goal, Richarlison , Thiago Silva ,54
Brazil,home,36.0,Goal, Lucas PaquetÃ¡ , VinÃ­cius JÃºnior ,54
South Korea,away,44.0,Yellow card, Jung Woo-young ,,54
South Korea,away,45.0,Substitution, Hong Chul , Kim Jin-su ,54
South Korea,away,45.0,Substitution, Son Jun-ho , Jung Woo-young ,54
Brazil,home,63.0,Substitution, Dani Alves , Ã‰der MilitÃ£o ,54
South Korea,away,65.0,Substitution, Paik Seung-ho , Hwang In-beom ,54
Brazil,home,72.0,Substitution, Bremer , Danilo ,54
Brazil,home,72.0,Substitution, Gabriel Martinelli , VinÃ­cius JÃºnior ,54
South Korea,away,74.0,Substitution, Lee Kang-in , Lee Jae-sung ,54
South Korea,away,76.0,Goal, Paik Seung-ho ,,54
Brazil,home,80.0,Substitution, Weverton , Alisson ,54
South Korea,away,80.0,Substitution, Hwang Ui-jo , Cho Gue-sung ,54
Brazil,home,81.0,Substitution, Rodrygo , Neymar ,54
Japan,home,43.0,Goal, Daizen Maeda , Maya Yoshida ,53
Croatia,away,55.0,Goal, Ivan PeriÅ¡iÄ‡ , Dejan Lovren ,53
Croatia,away,62.0,Substitution, Ante Budimir , Bruno PetkoviÄ‡ ,53
Japan,home,64.0,Substitution, Kaoru Mitoma , Yuto Nagatomo ,53
Japan,home,64.0,Substitution, Takuma Asano , Daizen Maeda ,53
Croatia,away,68.0,Substitution, Mario PaÅ¡aliÄ‡ , Andrej KramariÄ‡ ,53
Japan,home,75.0,Substitution, Hiroki Sakai , Daichi Kamada ,53
Japan,home,87.0,Substitution, Takumi Minamino , Ritsu DÅan ,53
Croatia,away,90.0,Yellow card, Mateo KovaÄiÄ‡ ,,53
Croatia,away,99.0,Substitution, Lovro Majer , Luka ModriÄ‡ ,53
Croatia,away,99.0,Substitution, Nikola VlaÅ¡iÄ‡ , Mateo KovaÄiÄ‡ ,53
Japan,home,105.0,Substitution, Ao Tanaka , Hidemasa Morita ,53
Croatia,away,105.0,Substitution, Marko Livaja , Ante Budimir ,53
Croatia,away,105.0,Substitution, Mislav OrÅ¡iÄ‡ , Ivan PeriÅ¡iÄ‡ ,53
Croatia,away,116.0,Yellow card, Borna BariÅ¡iÄ‡ ,,53
Japan,home,,PK,,,53
Croatia,away,,PK,,,53
Japan,home,,PK,,,53
Croatia,away,,PK,,,53
Japan,home,,PK,,,53
Croatia,away,,PK,,,53
Japan,home,,PK,,,53
Croatia,away,,PK,,,53
England,home,39.0,Goal, Jordan Henderson , Jude Bellingham ,52
England,home,48.0,Goal, Harry Kane , Phil Foden ,52
Senegal,away,45.0,Substitution, Pape Gueye , PathÃ© Ciss ,52
Senegal,away,45.0,Substitution, Bamba Dieng , Iliman Ndiaye ,52
Senegal,away,45.0,Substitution, Pape Matar Sarr , KrÃ©pin Diatta ,52
England,home,57.0,Goal, Bukayo Saka , Phil Foden ,52
England,home,65.0,Substitution, Marcus Rashford , Bukayo Saka ,52
England,home,65.0,Substitution, Jack Grealish , Phil Foden ,52
Senegal,away,72.0,Substitution, Famara DiÃ©dhiou , Boulaye Dia ,52
Senegal,away,76.0,Yellow card, Kalidou Koulibaly ,,52
England,home,76.0,Substitution, Mason Mount , Jude Bellingham ,52
England,home,77.0,Substitution, Eric Dier , John Stones ,52
England,home,82.0,Substitution, Kalvin Phillips , Jordan Henderson ,52
Senegal,away,84.0,Substitution, FodÃ© Ballo-TourÃ© , Ismail Jakobs ,52
France,home,31.0,Yellow card, AurÃ©lien TchouamÃ©ni ,,51
France,home,44.0,Goal, Olivier Giroud , Kylian MbappÃ© ,51
Poland,away,47.0,Yellow card, Bartosz BereszyÅ„ski ,,51
Poland,away,64.0,Substitution, Arek Milik , Sebastian SzymaÅ„ski ,51
France,home,66.0,Substitution, Youssouf Fofana , AurÃ©lien TchouamÃ©ni ,51
Poland,away,71.0,Substitution, Nicola Zalewski , Jakub KamiÅ„ski ,51
Poland,away,71.0,Substitution, Krystian Bielik , Grzegorz Krychowiak ,51
France,home,74.0,Goal, Kylian MbappÃ© , Ousmane DembÃ©lÃ© ,51
France,home,76.0,Substitution, Marcus Thuram , Olivier Giroud ,51
France,home,76.0,Substitution, Kingsley Coman , Ousmane DembÃ©lÃ© ,51
Poland,away,86.0,Substitution, Jan Bednarek , Jakub Kiwior ,51
Poland,away,87.0,Substitution, Kamil Grosicki , PrzemysÅ‚aw Frankowski ,51
Poland,away,88.0,Yellow card, Matty Cash ,,51
France,home,91.0,Goal, Kylian MbappÃ© , Marcus Thuram ,51
France,home,92.0,Substitution, Axel Disasi , Jules KoundÃ© ,51
Poland,away,99.0,Penalty, Robert Lewandowski , Penalty ,51
Australia,away,15.0,Yellow card, Jackson Irvine ,,50
Argentina,home,35.0,Goal, Lionel Messi , NicolÃ¡s Otamendi ,50
Australia,away,38.0,Yellow card, MiloÅ¡ Degenek ,,50
Argentina,home,50.0,Substitution, Lisandro MartÃ­nez , Papu GÃ³mez ,50
Argentina,home,57.0,Goal, JuliÃ¡n Ãlvarez ,,50
Australia,away,58.0,Substitution, Ajdin HrustiÄ‡ , Keanu Baccus ,50
Australia,away,58.0,Substitution, Craig Goodwin , Riley McGree ,50
Argentina,home,71.0,Substitution, Lautaro MartÃ­nez , JuliÃ¡n Ãlvarez ,50
Argentina,home,72.0,Substitution, NicolÃ¡s Tagliafico , Marcos AcuÃ±a ,50
Australia,away,72.0,Substitution, Jamie Maclaren , Mitchell Duke ,50
Australia,away,72.0,Substitution, Garang Kuol , Mathew Leckie ,50
Australia,away,72.0,Substitution, Fran KaraÄiÄ‡ , MiloÅ¡ Degenek ,50
Australia,away,77.0,Own goal, Enzo FernÃ¡ndez , Own goal ,50
Argentina,home,80.0,Substitution, Gonzalo Montiel , Alexis Mac Allister ,50
Argentina,home,80.0,Substitution, Exequiel Palacios , Nahuel Molina ,50
Netherlands,home,10.0,Goal, Memphis , Denzel Dumfries ,49
Netherlands,home,46.0,Goal, Daley Blind , Denzel Dumfries ,49
Netherlands,home,45.0,Substitution, Teun Koopmeiners , Davy Klaassen ,49
USA,away,45.0,Substitution, Giovanni Reyna , JesÃºs Ferreira ,49
Netherlands,home,45.0,Substitution, Steven Bergwijn , Marten de Roon ,49
Netherlands,home,60.0,Yellow card, Teun Koopmeiners ,,49
USA,away,67.0,Substitution, Brenden Aaronson , Tim Weah ,49
USA,away,67.0,Substitution, Haji Wright , Weston McKennie ,49
USA,away,75.0,Substitution, DeAndre Yedlin , SergiÃ±o Dest ,49
USA,away,76.0,Goal, Haji Wright , Christian Pulisic ,49
Netherlands,home,81.0,Goal, Denzel Dumfries , Daley Blind ,49
Netherlands,home,83.0,Substitution, Xavi Simons , Memphis ,49
Netherlands,home,87.0,Yellow card, Frenkie de Jong ,,49
USA,away,92.0,Substitution, Jordan Morris , Antonee Robinson ,49
Netherlands,home,93.0,Substitution, Matthijs de Ligt , Nathan AkÃ© ,49
Netherlands,home,93.0,Substitution, Wout Weghorst , Cody Gakpo ,49
Cameroon,home,6.0,Yellow card, Nouhou Tolo ,,48
Brazil,away,7.0,Yellow card, Ã‰der MilitÃ£o ,,48
Cameroon,home,28.0,Yellow card, Pierre Kunde ,,48
Cameroon,home,32.0,Yellow card, C Fai ,,48
Brazil,away,54.0,Substitution, Marquinhos , Alex Telles ,48
Brazil,away,55.0,Substitution, Ã‰verton Ribeiro , Rodrygo ,48
Brazil,away,55.0,Substitution, Bruno GuimarÃ£es , Fred ,48
Cameroon,home,64.0,Substitution, Karl Toko Ekambi , Bryan Mbeumo ,48
Brazil,away,64.0,Substitution, Pedro , Gabriel Jesus ,48
Cameroon,home,68.0,Substitution, Olivier Ntcham , Pierre Kunde ,48
Brazil,away,79.0,Substitution, Raphinha , Antony ,48
Cameroon,home,81.0,Yellow card, Vincent Aboubakar ,,48
Brazil,away,85.0,Yellow card, Bruno GuimarÃ£es ,,48
Cameroon,home,86.0,Substitution, Jerome Ngom Mbekeli , Moumi Ngamaleu ,48
Cameroon,home,92.0,Goal, Vincent Aboubakar , Jerome Ngom Mbekeli ,48
Cameroon,home,93.0,Second yellow card, Vincent Aboubakar ,,48
Switzerland,away,15.0,Yellow card, Silvan Widmer ,,47
Switzerland,away,20.0,Goal, Xherdan Shaqiri , Djibril Sow ,47
Serbia,home,26.0,Goal, Aleksandar MitroviÄ‡ , DuÅ¡an TadiÄ‡ ,47
Switzerland,away,34.0,Yellow card, Ruben Vargas ,,47
Serbia,home,35.0,Goal, DuÅ¡an VlahoviÄ‡ ,,47
Switzerland,away,44.0,Goal, Breel Embolo , Silvan Widmer ,47
Serbia,home,47.0,Yellow card, Sergej MilinkoviÄ‡-SaviÄ‡ ,,47
Switzerland,away,48.0,Goal, Remo Freuler , Ruben Vargas ,47
Serbia,home,55.0,Substitution, Nemanja Gudelj , Milos Veljkovic ,47
Serbia,home,55.0,Substitution, Luka JoviÄ‡ , DuÅ¡an VlahoviÄ‡ ,47
Serbia,home,56.0,Yellow card, Strahinja PavloviÄ‡ ,,47
Serbia,home,66.0,Yellow card, Predrag RajkoviÄ‡ ,,47
Serbia,home,67.0,Substitution, Nemanja MaksimoviÄ‡ , Sergej MilinkoviÄ‡-SaviÄ‡ ,47
Switzerland,away,68.0,Substitution, Edimilson Fernandes , Djibril Sow ,47
Switzerland,away,69.0,Substitution, Denis Zakaria , Xherdan Shaqiri ,47
Serbia,home,78.0,Substitution, Filip ÄuriÄiÄ‡ , DuÅ¡an TadiÄ‡ ,47
Serbia,home,78.0,Substitution, Nemanja RadonjiÄ‡ , Andrija Å½ivkoviÄ‡ ,47
Serbia,home,81.0,Yellow card, Nemanja Gudelj ,,47
Serbia,home,82.0,Yellow card, Aleksandar MitroviÄ‡ ,,47
Switzerland,away,83.0,Substitution, Christian Fassnacht , Ruben Vargas ,47
Switzerland,away,95.0,Yellow card, Granit Xhaka ,,47
Serbia,home,95.0,Yellow card, Nikola MilenkoviÄ‡ ,,47
Switzerland,away,96.0,Substitution, Noah Okafor , Breel Embolo ,47
Switzerland,away,99.0,Yellow card, Fabian SchÃ¤r ,,47
Serbia,home,100.0,Yellow card, SaÅ¡a LukiÄ‡ ,,47
Portugal,away,5.0,Goal, Ricardo Horta , Diogo Dalot ,46
South Korea,home,27.0,Goal, Kim Young-gwon ,,46
South Korea,home,36.0,Yellow card, Lee Kang-in ,,46
Portugal,away,65.0,Substitution, JoÃ£o Palhinha , Matheus Nunes ,46
Portugal,away,65.0,Substitution, Rafael LeÃ£o , RÃºben Neves ,46
Portugal,away,65.0,Substitution, AndrÃ© Silva , Cristiano Ronaldo ,46
South Korea,home,66.0,Substitution, Hwang Hee-chan , Lee Jae-sung ,46
South Korea,home,81.0,Substitution, Son Jun-ho , Kim Young-gwon ,46
South Korea,home,81.0,Substitution, Hwang Ui-jo , Lee Kang-in ,46
Portugal,away,81.0,Substitution, Bernardo Silva , Vitinha ,46
Portugal,away,82.0,Substitution, William Carvalho , JoÃ£o MÃ¡rio ,46
South Korea,home,91.0,Goal, Hwang Hee-chan , Son Heung-min ,46
South Korea,home,92.0,Yellow card, Hwang Hee-chan ,,46
South Korea,home,93.0,Substitution, Cho Yu-min , Cho Gue-sung ,46
Uruguay,away,19.0,Yellow card, Darwin NÃºÃ±ez ,,45
Ghana,home,21.0,Missed penalty, AndrÃ© Ayew , Missed penalty ,45
Uruguay,away,26.0,Goal, Giorgian de Arrascaeta ,,45
Uruguay,away,32.0,Goal, Giorgian de Arrascaeta , Luis SuÃ¡rez ,45
Uruguay,away,34.0,Substitution, MatÃ­as Vecino , Rodrigo Bentancur ,45
Ghana,home,45.0,Substitution, Kamaldeen Sulemana , Jordan Ayew ,45
Ghana,home,45.0,Substitution, Osman Bukari , AndrÃ© Ayew ,45
Uruguay,away,60.0,Yellow card, Luis SuÃ¡rez ,,45
Uruguay,away,66.0,Substitution, NicolÃ¡s de la Cruz , Facundo Pellistri ,45
Uruguay,away,66.0,Substitution, Edinson Cavani , Luis SuÃ¡rez ,45
Ghana,home,72.0,Substitution, Antoine Semenyo , IÃ±aki Williams ,45
Ghana,home,72.0,Substitution, Daniel-Kofi Kyereh , Salis Abdul Samed ,45
Uruguay,away,80.0,Substitution, Maxi GÃ³mez , Darwin NÃºÃ±ez ,45
Uruguay,away,80.0,Substitution, AgustÃ­n Canobbio , Giorgian de Arrascaeta ,45
Ghana,home,86.0,Yellow card, Kamaldeen Sulemana ,,45
Uruguay,away,87.0,Yellow card, SebastiÃ¡n Coates ,,45
Ghana,home,98.0,Substitution, Abdul Fatawu Issahaku , Mohammed Kudus ,45
Ghana,home,99.0,Yellow card, Alidu Seidu ,,45
Uruguay,away,100.0,Yellow card, Edinson Cavani ,,45
Uruguay,away,100.0,Yellow card, JosÃ© GimÃ©nez ,,45
Spain,away,11.0,Goal, Ãlvaro Morata , CÃ©sar Azpilicueta ,44
Japan,home,39.0,Yellow card, Ko Itakura ,,44
Japan,home,44.0,Yellow card, Shogo Taniguchi ,,44
Japan,home,45.0,Yellow card, Maya Yoshida ,,44
Japan,home,45.0,Substitution, Ritsu DÅan , Takefusa Kubo ,44
Spain,away,45.0,Substitution, Dani Carvajal , CÃ©sar Azpilicueta ,44
Japan,home,45.0,Substitution, Kaoru Mitoma , Yuto Nagatomo ,44
Japan,home,48.0,Goal, Ritsu DÅan , Junya Ito ,44
Japan,home,51.0,Goal, Ao Tanaka , Kaoru Mitoma ,44
Spain,away,57.0,Substitution, Ferran Torres , Nico Williams ,44
Spain,away,57.0,Substitution, Marco Asensio , Ãlvaro Morata ,44
Japan,home,62.0,Substitution, Takuma Asano , Daizen Maeda ,44
Spain,away,68.0,Substitution, Ansu Fati , Gavi ,44
Spain,away,68.0,Substitution, Jordi Alba , Alejandro BaldÃ© ,44
Japan,home,69.0,Substitution, Takehiro Tomiyasu , Daichi Kamada ,44
Japan,home,87.0,Substitution, Wataru Endo , Ao Tanaka ,44
Germany,away,10.0,Goal, Serge Gnabry , David Raum ,43
Costa Rica,home,45.0,Substitution, Youstin Salas , Brandon Aguilera ,43
Germany,away,45.0,Substitution, Lukas Klostermann , Leon Goretzka ,43
Germany,away,55.0,Substitution, Niclas FÃ¼llkrug , Ilkay GÃ¼ndoÄŸan ,43
Costa Rica,home,58.0,Goal, Yeltsin Tejeda ,,43
Germany,away,66.0,Substitution, Kai Havertz , Thomas MÃ¼ller ,43
Germany,away,67.0,Substitution, Mario GÃ¶tze , David Raum ,43
Costa Rica,home,70.0,Goal, Juan Pablo Vargas ,,43
Germany,away,73.0,Goal, Kai Havertz , Niclas FÃ¼llkrug ,43
Costa Rica,home,74.0,Substitution, RÃ³nald Matarrita , Johan Venegas ,43
Costa Rica,home,74.0,Substitution, Jewison Bennette , Keysher Fuller ,43
Costa Rica,home,76.0,Yellow card, Ã“scar Duarte ,,43
Germany,away,85.0,Goal, Kai Havertz , Serge Gnabry ,43
Germany,away,89.0,Goal, Niclas FÃ¼llkrug , Leroy SanÃ© ,43
Costa Rica,home,93.0,Substitution, Anthony Contreras , Bryan Oviedo ,43
Costa Rica,home,93.0,Substitution, Roan Wilson , Yeltsin Tejeda ,43
Germany,away,93.0,Substitution, Matthias Ginter , Niklas SÃ¼le ,43
Belgium,away,45.0,Substitution, Romelu Lukaku , Dries Mertens ,42
Belgium,away,59.0,Substitution, Thorgan Hazard , Leandro Trossard ,42
Croatia,home,64.0,Substitution, Bruno PetkoviÄ‡ , Marko Livaja ,42
Croatia,home,64.0,Substitution, Mario PaÅ¡aliÄ‡ , Andrej KramariÄ‡ ,42
Belgium,away,66.0,Yellow card, Leander Dendoncker ,,42
Belgium,away,72.0,Substitution, JÃ©rÃ©my Doku , Yannick Carrasco ,42
Belgium,away,72.0,Substitution, Youri Tielemans , Leander Dendoncker ,42
Belgium,away,87.0,Substitution, Eden Hazard , Thomas Meunier ,42
Croatia,home,92.0,Substitution, Lovro Majer , Mateo KovaÄiÄ‡ ,42
Morocco,away,4.0,Goal, Hakim Ziyech ,,41
Canada,home,7.0,Yellow card, Junior Hoilett ,,41
Morocco,away,23.0,Goal, Youssef En-Nesyri , Achraf Hakimi ,41
Canada,home,26.0,Yellow card, Jonathan Osorio ,,41
Canada,home,40.0,Own goal, Nayef Aguerd , Own goal ,41
Canada,home,47.0,Yellow card, Sam Adekugbe ,,41
Canada,home,60.0,Substitution, Atiba Hutchinson , Mark-Anthony Kaye ,41
Canada,home,60.0,Substitution, Jonathan David , Cyle Larin ,41
Canada,home,61.0,Substitution, IsmaÃ«l KonÃ© , Sam Adekugbe ,41
Morocco,away,65.0,Substitution, Zakaria Aboukhlal , Sofiane Boufal ,41
Morocco,away,65.0,Substitution, Selim Amallah , Abdelhamid Sabiri ,41
Canada,home,65.0,Substitution, Richie Laryea , Jonathan Osorio ,41
Morocco,away,76.0,Substitution, Abderrazak Hamdallah , Hakim Ziyech ,41
Canada,home,76.0,Substitution, David Wotherspoon , Junior Hoilett ,41
Morocco,away,77.0,Substitution, Jawad El Yamiq , Azzedine Ounahi ,41
Canada,home,84.0,Yellow card, Steven VitÃ³ria ,,41
Morocco,away,85.0,Substitution, Yahya Jabrane , Achraf Hakimi ,41
Argentina,away,39.0,Missed penalty, Lionel Messi , Missed penalty ,40
Poland,home,45.0,Substitution, MichaÅ‚ SkÃ³raÅ› , Karol Åšwiderski ,40
Poland,home,45.0,Substitution, Jakub KamiÅ„ski , PrzemysÅ‚aw Frankowski ,40
Argentina,away,46.0,Goal, Alexis Mac Allister , Nahuel Molina ,40
Argentina,away,49.0,Yellow card, Marcos AcuÃ±a ,,40
Argentina,away,59.0,Substitution, Leandro Paredes , Ãngel Di MarÃ­a ,40
Argentina,away,59.0,Substitution, NicolÃ¡s Tagliafico , Marcos AcuÃ±a ,40
Poland,home,62.0,Substitution, Damian SzymaÅ„ski , Krystian Bielik ,40
Argentina,away,67.0,Goal, JuliÃ¡n Ãlvarez , Enzo FernÃ¡ndez ,40
Poland,home,72.0,Substitution, Artur JÄ™drzejczyk , Bartosz BereszyÅ„ski ,40
Poland,home,78.0,Yellow card, Grzegorz Krychowiak ,,40
Argentina,away,79.0,Substitution, Lautaro MartÃ­nez , JuliÃ¡n Ãlvarez ,40
Argentina,away,79.0,Substitution, GermÃ¡n Pezzella , Enzo FernÃ¡ndez ,40
Poland,home,83.0,Substitution, Krzysztof PiÄ…tek , Grzegorz Krychowiak ,40
Argentina,away,84.0,Substitution, Thiago Almada , Alexis Mac Allister ,40
Mexico,away,16.0,Yellow card, Edson Ãlvarez ,,39
Saudi Arabia,home,28.0,Yellow card, Saleh Al-Shehri ,,39
Saudi Arabia,home,34.0,Yellow card, Ali Al-Hassan ,,39
Saudi Arabia,home,37.0,Substitution, Riyadh Sharahili , Ali Al-Bulaihi ,39
Mexico,away,45.0,Substitution, Uriel Antuna , Alexis Vega ,39
Saudi Arabia,home,45.0,Substitution, Abdullah Madu , Ali Al-Hassan ,39
Mexico,away,47.0,Goal, Henry MartÃ­n , CÃ©sar Montes ,39
Mexico,away,52.0,Goal, Luis ChÃ¡vez ,,39
Saudi Arabia,home,52.0,Yellow card, Hassan Al-Tambakti ,,39
Saudi Arabia,home,62.0,Substitution, Abdulrahman Al-Aboud , Saleh Al-Shehri ,39
Mexico,away,77.0,Substitution, Carlos RodrÃ­guez , OrbelÃ­n Pineda ,39
Mexico,away,77.0,Substitution, RaÃºl JimÃ©nez , Henry MartÃ­n ,39
Saudi Arabia,home,81.0,Yellow card, Abdullah Madu ,,39
Mexico,away,86.0,Substitution, Kevin Ãlvarez , Jorge SÃ¡nchez ,39
Mexico,away,86.0,Substitution, Rogelio Funes Mori , Edson Ãlvarez ,39
Saudi Arabia,home,88.0,Substitution, Hattan Bahebri , Sultan Al-Ghanam ,39
Saudi Arabia,home,91.0,Yellow card, Abdulelah Al-Amri ,,39
Saudi Arabia,home,95.0,Goal, Salem Al-Dawsari , Hattan Bahebri ,39
Saudi Arabia,home,97.0,Yellow card, Hattan Bahebri ,,39
Tunisia,home,28.0,Yellow card, Wajdi Kechrida ,,38
Tunisia,home,58.0,Goal, Wahbi Khazri , AÃ¯ssa LaÃ¯douni ,38
Tunisia,home,60.0,Substitution, Issam Jebali , Wahbi Khazri ,38
France,away,63.0,Substitution, William Saliba , RaphaÃ«l Varane ,38
France,away,63.0,Substitution, Kylian MbappÃ© , Kingsley Coman ,38
France,away,63.0,Substitution, Adrien Rabiot , Jordan Veretout ,38
France,away,73.0,Substitution, Antoine Griezmann , Youssouf Fofana ,38
Tunisia,home,74.0,Substitution, Ghailene Chaalali , Mohamed Ali Ben Romdhane ,38
France,away,79.0,Substitution, Ousmane DembÃ©lÃ© , Matteo Guendouzi ,38
Tunisia,home,83.0,Substitution, Ali Abdi , Anis Ben Slimane ,38
France,away,100.0,Disallowed goal,Disallowed goal,,38
Australia,home,4.0,Yellow card, Aziz Behich ,,37
Australia,home,45.0,Substitution, Keanu Baccus , Craig Goodwin ,37
Denmark,away,45.0,Substitution, Alexander Bah , Rasmus Kristensen ,37
Australia,home,57.0,Yellow card, MiloÅ¡ Degenek ,,37
Denmark,away,59.0,Substitution, Kasper Dolberg , Martin Braithwaite ,37
Denmark,away,59.0,Substitution, Mikkel Damsgaard , Mathias Jensen ,37
Australia,home,60.0,Goal, Mathew Leckie , Riley McGree ,37
Denmark,away,69.0,Substitution, Robert Skov , Andreas Skov Olsen ,37
Denmark,away,70.0,Substitution, Andreas Cornelius , Joakim MÃ¦hle ,37
Australia,home,74.0,Substitution, Bailey Wright , Riley McGree ,37
Denmark,away,75.0,Yellow card, Robert Skov ,,37
Australia,home,82.0,Substitution, Jamie Maclaren , Mitchell Duke ,37
Australia,home,89.0,Substitution, Ajdin HrustiÄ‡ , Mathew Leckie ,37
Wales,home,29.0,Yellow card, Daniel James ,,36
Wales,home,36.0,Substitution, Connor Roberts , Neco Williams ,36
Wales,home,45.0,Substitution, Brennan Johnson , Gareth Bale ,36
England,away,50.0,Goal, Marcus Rashford ,,36
England,away,51.0,Goal, Phil Foden , Harry Kane ,36
England,away,57.0,Substitution, Trent Alexander-Arnold , Kyle Walker ,36
England,away,58.0,Substitution, Callum Wilson , Harry Kane ,36
England,away,58.0,Substitution, Kalvin Phillips , Declan Rice ,36
Wales,home,59.0,Substitution, Joe Morrell , Ben Davies ,36
Wales,home,61.0,Yellow card, Aaron Ramsey ,,36
England,away,65.0,Substitution, Kieran Trippier , Luke Shaw ,36
England,away,68.0,Goal, Marcus Rashford , Kalvin Phillips ,36
England,away,76.0,Substitution, Jack Grealish , Marcus Rashford ,36
Wales,home,77.0,Substitution, Harry Wilson , Daniel James ,36
Wales,home,81.0,Substitution, Rubin Colwill , Joe Allen ,36
USA,away,38.0,Goal, Christian Pulisic , SergiÃ±o Dest ,35
USA,away,43.0,Yellow card, Tyler Adams ,,35
Iran,home,48.0,Substitution, Ali Karimi , Milad Mohammadi ,35
USA,away,45.0,Substitution, Brenden Aaronson , Christian Pulisic ,35
Iran,home,45.0,Substitution, Saman Ghoddos , Sardar Azmoun ,35
USA,away,65.0,Substitution, Kellyn Acosta , Weston McKennie ,35
Iran,home,71.0,Substitution, Mehdi Torabi , Ahmad Nourollahi ,35
Iran,home,72.0,Substitution, Abolfazl Jalali , Ehsan Hajsafi ,35
Iran,home,77.0,Yellow card, Majid Hosseini ,,35
USA,away,77.0,Substitution, Haji Wright , Josh Sargent ,35
Iran,home,78.0,Substitution, Karim Ansarifard , Ali Gholizadeh ,35
USA,away,82.0,Substitution, Shaq Moore , SergiÃ±o Dest ,35
USA,away,82.0,Substitution, Walker Zimmerman , Tim Weah ,35
Iran,home,83.0,Yellow card, Hossein Kanani ,,35
Iran,home,96.0,Yellow card, Abolfazl Jalali ,,35
Netherlands,home,26.0,Goal, Cody Gakpo , Davy Klaassen ,34
Netherlands,home,49.0,Goal, Frenkie de Jong ,,34
Netherlands,home,52.0,Yellow card, Nathan AkÃ© ,,34
Qatar,away,64.0,Substitution, Karim Boudiaf , Assim Madibo ,34
Qatar,away,64.0,Substitution, Mohammed Muntari , Almoez Ali ,34
Qatar,away,64.0,Substitution, Ali Assadalla , Hassan Al Haydos ,34
Netherlands,home,66.0,Substitution, Steven Berghuis , Davy Klaassen ,34
Netherlands,home,66.0,Substitution, Vincent Janssen , Memphis ,34
Netherlands,home,68.0,Disallowed goal,Disallowed goal,,34
Netherlands,home,83.0,Substitution, Teun Koopmeiners , Marten de Roon ,34
Netherlands,home,83.0,Substitution, Wout Weghorst , Cody Gakpo ,34
Qatar,away,85.0,Substitution, Ahmed Alaaeldin , Abdulaziz Hatem ,34
Qatar,away,85.0,Substitution, Musaab Khidir , Ismail Mohammad ,34
Netherlands,home,86.0,Substitution, Kenneth Taylor , Frenkie de Jong ,34
Senegal,away,44.0,Penalty, IsmaÃ¯la Sarr , Penalty ,33
Ecuador,home,45.0,Substitution, Jeremy Sarmiento , Alan Franco ,33
Ecuador,home,45.0,Substitution, JosÃ© Cifuentes , Carlos Gruezo ,33
Ecuador,home,64.0,Substitution, Djorkaeff Reasco , Michael Estrada ,33
Senegal,away,66.0,Yellow card, Idrissa Gueye ,,33
Ecuador,home,67.0,Goal, MoisÃ©s Caicedo , FÃ©lix Torres ,33
Senegal,away,70.0,Goal, Kalidou Koulibaly ,,33
Senegal,away,74.0,Substitution, Nampalys Mendy , PathÃ© Ciss ,33
Senegal,away,75.0,Substitution, Bamba Dieng , Iliman Ndiaye ,33
Ecuador,home,85.0,Substitution, Jackson Porozo , Ãngelo Preciado ,33
Senegal,away,95.0,Substitution, Pape Abou CissÃ© , Boulaye Dia ,33
Uruguay,away,6.0,Yellow card, Rodrigo Bentancur ,,32
Portugal,home,38.0,Yellow card, RÃºben Neves ,,32
Portugal,home,42.0,Substitution, RaphaÃ«l Guerreiro , Nuno Mendes ,32
Uruguay,away,44.0,Yellow card, MathÃ­as Olivera ,,32
Portugal,home,54.0,Goal, Bruno Fernandes , RaphaÃ«l Guerreiro ,32
Uruguay,away,62.0,Substitution, Giorgian de Arrascaeta , MatÃ­as Vecino ,32
Uruguay,away,62.0,Substitution, Facundo Pellistri , Diego GodÃ­n ,32
Portugal,home,69.0,Substitution, Rafael LeÃ£o , RÃºben Neves ,32
Uruguay,away,72.0,Substitution, Maxi GÃ³mez , Darwin NÃºÃ±ez ,32
Uruguay,away,73.0,Substitution, Luis SuÃ¡rez , Edinson Cavani ,32
Portugal,home,77.0,Yellow card, JoÃ£o FÃ©lix ,,32
Portugal,home,82.0,Substitution, Matheus Nunes , JoÃ£o FÃ©lix ,32
Portugal,home,82.0,Substitution, GonÃ§alo Ramos , Cristiano Ronaldo ,32
Portugal,home,82.0,Substitution, JoÃ£o Palhinha , William Carvalho ,32
Uruguay,away,86.0,Substitution, MatÃ­as ViÃ±a , MathÃ­as Olivera ,32
Portugal,home,89.0,Yellow card, RÃºben Dias ,,32
Portugal,home,93.0,Penalty, Bruno Fernandes , Penalty ,32
Brazil,home,45.0,Substitution, Rodrygo , Lucas PaquetÃ¡ ,31
Switzerland,away,50.0,Yellow card, Fabian Rieder ,,31
Brazil,home,52.0,Yellow card, Fred ,,31
Brazil,home,58.0,Substitution, Bruno GuimarÃ£es , Fred ,31
Switzerland,away,59.0,Substitution, Edimilson Fernandes , Ruben Vargas ,31
Switzerland,away,59.0,Substitution, Renato Steffen , Fabian Rieder ,31
Brazil,home,65.0,Disallowed goal,Disallowed goal,,31
Brazil,home,73.0,Substitution, Gabriel Jesus , Richarlison ,31
Brazil,home,73.0,Substitution, Antony , Raphinha ,31
Switzerland,away,76.0,Substitution, Michel Aebischer , Djibril Sow ,31
Switzerland,away,76.0,Substitution, Haris Seferovic , Breel Embolo ,31
Brazil,home,83.0,Goal, Casemiro , Rodrygo ,31
Switzerland,away,86.0,Substitution, Fabian Frei , Silvan Widmer ,31
Brazil,home,86.0,Substitution, Alex Telles , Alex Sandro ,31
Ghana,away,21.0,Yellow card, Daniel Amartey ,,30
Ghana,away,24.0,Goal, Mohammed Salisu ,,30
South Korea,home,27.0,Yellow card, Jung Woo-young ,,30
Ghana,away,34.0,Goal, Mohammed Kudus , Jordan Ayew ,30
South Korea,home,45.0,Substitution, Na Sang-ho , Jeong Woo-yeong ,30
South Korea,home,57.0,Substitution, Lee Kang-in , Kwon Chang-hoon ,30
South Korea,home,58.0,Goal, Cho Gue-sung , Lee Kang-in ,30
South Korea,home,61.0,Goal, Cho Gue-sung , Kim Jin-su ,30
Ghana,away,68.0,Goal, Mohammed Kudus , IÃ±aki Williams ,30
Ghana,away,73.0,Yellow card, Tariq Lamptey ,,30
South Korea,home,77.0,Yellow card, Kim Young-gwon ,,30
Ghana,away,78.0,Substitution, Daniel-Kofi Kyereh , AndrÃ© Ayew ,30
Ghana,away,78.0,Substitution, Denis Odoi , Tariq Lamptey ,30
Ghana,away,78.0,Substitution, Kamaldeen Sulemana , Jordan Ayew ,30
South Korea,home,79.0,Substitution, Hwang Ui-jo , Jung Woo-young ,30
Ghana,away,83.0,Substitution, Alexander Djiku , Mohammed Kudus ,30
Ghana,away,88.0,Substitution, Baba Rahman , Gideon Mensah ,30
South Korea,home,92.0,Substitution, Kwon Kyung-won , Kim Min-jae ,30
Cameroon,home,24.0,Yellow card, Nicolas Nkoulou ,,29
Cameroon,home,29.0,Goal, Jean-Charles Castelletto ,,29
Cameroon,home,30.0,Yellow card, Christian Bassogog ,,29
Serbia,away,46.0,Goal, Strahinja PavloviÄ‡ , DuÅ¡an TadiÄ‡ ,29
Serbia,away,48.0,Goal, Sergej MilinkoviÄ‡-SaviÄ‡ , Andrija Å½ivkoviÄ‡ ,29
Serbia,away,49.0,Yellow card, Luka JoviÄ‡ ,,29
Serbia,away,53.0,Goal, Aleksandar MitroviÄ‡ , Andrija Å½ivkoviÄ‡ ,29
Cameroon,home,55.0,Substitution, Vincent Aboubakar , Martin Hongla ,29
Serbia,away,56.0,Substitution, Stefan MitroviÄ‡ , Strahinja PavloviÄ‡ ,29
Cameroon,home,63.0,Goal, Vincent Aboubakar , Jean-Charles Castelletto ,29
Cameroon,home,66.0,Goal, Eric Maxim Choupo-Moting , Vincent Aboubakar ,29
Cameroon,home,67.0,Substitution, GaÃ«l Ondoua , Pierre Kunde ,29
Cameroon,home,67.0,Substitution, Christian Bassogog , Karl Toko Ekambi ,29
Serbia,away,78.0,Substitution, SrÄ‘an BabiÄ‡ , Milos Veljkovic ,29
Serbia,away,78.0,Substitution, Nemanja RadonjiÄ‡ , Andrija Å½ivkoviÄ‡ ,29
Serbia,away,79.0,Substitution, Marko GrujiÄ‡ , Sergej MilinkoviÄ‡-SaviÄ‡ ,29
Cameroon,home,81.0,Substitution, Samuel Oum Gouet , AndrÃ©-Frank Zambo Anguissa ,29
Cameroon,home,81.0,Substitution, Georges-KÃ©vin Nkoudou , Bryan Mbeumo ,29
Serbia,away,92.0,Substitution, Filip ÄuriÄiÄ‡ , Filip KostiÄ‡ ,29
Serbia,away,93.0,Yellow card, Nikola MilenkoviÄ‡ ,,29
Germany,away,37.0,Yellow card, Thilo Kehrer ,,28
Germany,away,39.0,Disallowed goal,Disallowed goal,,28
Spain,home,44.0,Yellow card, Sergio Busquets ,,28
Spain,home,54.0,Substitution, Ãlvaro Morata , Ferran Torres ,28
Germany,away,58.0,Yellow card, Leon Goretzka ,,28
Germany,away,60.0,Yellow card, Joshua Kimmich ,,28
Spain,home,62.0,Goal, Ãlvaro Morata , Jordi Alba ,28
Spain,home,66.0,Substitution, Koke , Marco Asensio ,28
Spain,home,66.0,Substitution, Nico Williams , Gavi ,28
Germany,away,70.0,Substitution, Leroy SanÃ© , Ilkay GÃ¼ndoÄŸan ,28
Germany,away,70.0,Substitution, Niclas FÃ¼llkrug , Thomas MÃ¼ller ,28
Germany,away,70.0,Substitution, Lukas Klostermann , Thilo Kehrer ,28
Spain,home,82.0,Substitution, Alejandro BaldÃ© , Jordi Alba ,28
Germany,away,83.0,Goal, Niclas FÃ¼llkrug , Jamal Musiala ,28
Germany,away,85.0,Substitution, Jonas Hofmann , Serge Gnabry ,28
Germany,away,87.0,Substitution, Nico Schlotterbeck , David Raum ,28
Canada,away,2.0,Goal, Alphonso Davies , Tajon Buchanan ,27
Croatia,home,36.0,Goal, Andrej KramariÄ‡ , Ivan PeriÅ¡iÄ‡ ,27
Croatia,home,44.0,Goal, Marko Livaja , Josip JuranoviÄ‡ ,27
Canada,away,45.0,Substitution, IsmaÃ«l KonÃ© , Stephen EustÃ¡quio ,27
Canada,away,45.0,Substitution, Jonathan Osorio , Cyle Larin ,27
Canada,away,52.0,Yellow card, Tajon Buchanan ,,27
Croatia,home,56.0,Yellow card, Dejan Lovren ,,27
Croatia,home,60.0,Substitution, Bruno PetkoviÄ‡ , Marko Livaja ,27
Canada,away,62.0,Substitution, Junior Hoilett , Richie Laryea ,27
Croatia,home,70.0,Goal, Andrej KramariÄ‡ , Ivan PeriÅ¡iÄ‡ ,27
Canada,away,72.0,Substitution, Lucas Cavallini , Jonathan David ,27
Croatia,home,73.0,Substitution, Nikola VlaÅ¡iÄ‡ , Andrej KramariÄ‡ ,27
Canada,away,73.0,Substitution, Sam Adekugbe , Atiba Hutchinson ,27
Canada,away,85.0,Yellow card, Kamal Miller ,,27
Croatia,home,85.0,Yellow card, Luka ModriÄ‡ ,,27
Croatia,home,86.0,Substitution, Mislav OrÅ¡iÄ‡ , Ivan PeriÅ¡iÄ‡ ,27
Croatia,home,86.0,Substitution, Mario PaÅ¡aliÄ‡ , Luka ModriÄ‡ ,27
Croatia,home,86.0,Substitution, Lovro Majer , Mateo KovaÄiÄ‡ ,27
Croatia,home,94.0,Goal, Lovro Majer , Mislav OrÅ¡iÄ‡ ,27
Belgium,home,28.0,Yellow card, Amadou Onana ,,26
Morocco,away,47.0,Disallowed goal,Disallowed goal,,26
Belgium,home,60.0,Substitution, Youri Tielemans , Amadou Onana ,26
Belgium,home,60.0,Substitution, Dries Mertens , Eden Hazard ,26
Morocco,away,67.0,Substitution, Yahia Attiyat Allah , Selim Amallah ,26
Morocco,away,68.0,Substitution, Abdelhamid Sabiri , Achraf Hakimi ,26
Morocco,away,73.0,Goal, Romain SaÃ¯ss , Abdelhamid Sabiri ,26
Morocco,away,73.0,Substitution, Zakaria Aboukhlal , Sofiane Boufal ,26
Morocco,away,73.0,Substitution, Abderrazak Hamdallah , Youssef En-Nesyri ,26
Belgium,home,75.0,Substitution, Leandro Trossard , Thorgan Hazard ,26
Belgium,home,75.0,Substitution, Charles De Ketelaere , Michy Batshuayi ,26
Morocco,away,78.0,Substitution, Jawad El Yamiq , Azzedine Ounahi ,26
Belgium,home,81.0,Substitution, Romelu Lukaku , Thomas Meunier ,26
Morocco,away,92.0,Goal, Zakaria Aboukhlal , Hakim Ziyech ,26
Morocco,away,95.0,Yellow card, Abdelhamid Sabiri ,,26
Costa Rica,away,41.0,Yellow card, Anthony Contreras ,,25
Japan,home,44.0,Yellow card, Miki Yamane ,,25
Japan,home,45.0,Substitution, Hiroki Ito , Yuto Nagatomo ,25
Japan,home,45.0,Substitution, Takuma Asano , Ayase Ueda ,25
Costa Rica,away,61.0,Yellow card, Celso Borges ,,25
Japan,home,62.0,Substitution, Kaoru Mitoma , Miki Yamane ,25
Costa Rica,away,65.0,Substitution, Brandon Aguilera , Gerson Torres ,25
Costa Rica,away,65.0,Substitution, Jewison Bennette , Anthony Contreras ,25
Japan,home,67.0,Substitution, Junya Ito , Ritsu DÅan ,25
Costa Rica,away,70.0,Yellow card, Francisco Calvo ,,25
Costa Rica,away,81.0,Goal, Keysher Fuller , Yeltsin Tejeda ,25
Japan,home,82.0,Substitution, Takumi Minamino , Yuki Soma ,25
Japan,home,84.0,Yellow card, Ko Itakura ,,25
Costa Rica,away,89.0,Substitution, Youstin Salas , Celso Borges ,25
Japan,home,93.0,Yellow card, Wataru Endo ,,25
Costa Rica,away,95.0,Substitution, Daniel ChacÃ³n , Joel Campbell ,25
Mexico,away,22.0,Yellow card, NÃ©stor Araujo ,,24
Mexico,away,42.0,Substitution, Ã‰rick GutiÃ©rrez , AndrÃ©s Guardado ,24
Argentina,home,43.0,Yellow card, Gonzalo Montiel ,,24
Mexico,away,50.0,Yellow card, Ã‰rick GutiÃ©rrez ,,24
Argentina,home,57.0,Substitution, Enzo FernÃ¡ndez , Guido RodrÃ­guez ,24
Argentina,home,63.0,Substitution, JuliÃ¡n Ãlvarez , Lautaro MartÃ­nez ,24
Argentina,home,63.0,Substitution, Nahuel Molina , Gonzalo Montiel ,24
Argentina,home,64.0,Goal, Lionel Messi , Ãngel Di MarÃ­a ,24
Mexico,away,66.0,Substitution, Uriel Antuna , Alexis Vega ,24
Mexico,away,66.0,Yellow card, HÃ©ctor Herrera ,,24
Mexico,away,66.0,Substitution, RaÃºl JimÃ©nez , Kevin Ãlvarez ,24
Argentina,home,69.0,Substitution, Cristian Romero , Ãngel Di MarÃ­a ,24
Argentina,home,69.0,Substitution, Exequiel Palacios , Alexis Mac Allister ,24
Mexico,away,73.0,Substitution, Roberto Alvarado , Hirving Lozano ,24
Argentina,home,87.0,Goal, Enzo FernÃ¡ndez , Lionel Messi ,24
Mexico,away,89.0,Yellow card, Roberto Alvarado ,,24
Denmark,away,20.0,Yellow card, Andreas Christensen ,,23
Denmark,away,23.0,Yellow card, Andreas Cornelius ,,23
France,home,43.0,Yellow card, Jules KoundÃ© ,,23
Denmark,away,45.0,Substitution, Martin Braithwaite , Andreas Cornelius ,23
France,home,61.0,Goal, Kylian MbappÃ© , Theo Hernandez ,23
France,home,62.0,Substitution, Marcus Thuram , Olivier Giroud ,23
Denmark,away,68.0,Goal, Andreas Christensen , Joachim Andersen ,23
Denmark,away,73.0,Substitution, Kasper Dolberg , Mikkel Damsgaard ,23
France,home,75.0,Substitution, Ibrahima KonatÃ© , RaphaÃ«l Varane ,23
France,home,75.0,Substitution, Kingsley Coman , Ousmane DembÃ©lÃ© ,23
Denmark,away,85.0,Substitution, Christian NÃ¸rgaard , Jesper LindstrÃ¸m ,23
France,home,86.0,Goal, Kylian MbappÃ© , Antoine Griezmann ,23
Denmark,away,92.0,Substitution, Alexander Bah , Rasmus Kristensen ,23
France,home,93.0,Substitution, Youssouf Fofana , Antoine Griezmann ,23
Poland,home,15.0,Yellow card, Jakub Kiwior ,,22
Poland,home,16.0,Yellow card, Matty Cash ,,22
Poland,home,19.0,Yellow card, Arek Milik ,,22
Saudi Arabia,away,20.0,Yellow card, Abdulellah Al-Malki ,,22
Poland,home,39.0,Goal, Piotr ZieliÅ„ski , Robert Lewandowski ,22
Saudi Arabia,away,46.0,Missed penalty, Salem Al-Dawsari , Missed penalty ,22
Saudi Arabia,away,49.0,Yellow card, Abdulelah Al-Amri ,,22
Saudi Arabia,away,45.0,Substitution, Nawaf Al-Abed , Sami Al-Najei ,22
Poland,home,63.0,Substitution, Jakub KamiÅ„ski , Piotr ZieliÅ„ski ,22
Saudi Arabia,away,65.0,Substitution, Sultan Al-Ghanam , Mohammed Al-Breik ,22
Poland,home,71.0,Substitution, Krzysztof PiÄ…tek , Arek Milik ,22
Poland,home,82.0,Goal, Robert Lewandowski ,,22
Saudi Arabia,away,85.0,Substitution, Abdulrahman Al-Aboud , Abdulellah Al-Malki ,22
Saudi Arabia,away,86.0,Substitution, Nasser Al-Dawsari , Saleh Al-Shehri ,22
Saudi Arabia,away,95.0,Substitution, Hattan Bahebri , Nawaf Al-Abed ,22
Australia,away,23.0,Goal, Mitchell Duke ,,21
Tunisia,home,26.0,Yellow card, AÃ¯ssa LaÃ¯douni ,,21
Tunisia,home,45.0,Substitution, Ferjani Sassi , Mohamed DrÃ¤ger ,21
Australia,away,64.0,Substitution, Jamie Maclaren , Mitchell Duke ,21
Australia,away,64.0,Substitution, Ajdin HrustiÄ‡ , Riley McGree ,21
Tunisia,home,64.0,Yellow card, Ali Abdi ,,21
Tunisia,home,67.0,Substitution, Wahbi Khazri , AÃ¯ssa LaÃ¯douni ,21
Tunisia,home,73.0,Substitution, Taha Yassine Khenissi , Issam Jebali ,21
Tunisia,home,73.0,Substitution, Wajdi Kechrida , Dylan Bronn ,21
Australia,away,75.0,Substitution, MiloÅ¡ Degenek , Fran KaraÄiÄ‡ ,21
Australia,away,85.0,Substitution, Awer Mabil , Craig Goodwin ,21
Australia,away,85.0,Substitution, Keanu Baccus , Mathew Leckie ,21
Tunisia,home,93.0,Yellow card, Ferjani Sassi ,,21
England,home,68.0,Substitution, Jack Grealish , Raheem Sterling ,20
England,home,69.0,Substitution, Jordan Henderson , Jude Bellingham ,20
USA,away,77.0,Substitution, Brenden Aaronson , Weston McKennie ,20
USA,away,78.0,Substitution, Shaq Moore , SergiÃ±o Dest ,20
England,home,78.0,Substitution, Marcus Rashford , Bukayo Saka ,20
USA,away,83.0,Substitution, Giovanni Reyna , Tim Weah ,20
USA,away,83.0,Substitution, Josh Sargent , Haji Wright ,20
Netherlands,home,6.0,Goal, Cody Gakpo , Davy Klaassen ,19
Netherlands,home,45.0,Substitution, Memphis , Steven Bergwijn ,19
Ecuador,away,49.0,Goal, Enner Valencia ,,19
Ecuador,away,57.0,Yellow card, Jhegson MÃ©ndez ,,19
Netherlands,home,69.0,Substitution, Steven Berghuis , Davy Klaassen ,19
Ecuador,away,74.0,Substitution, Jeremy Sarmiento , Michael Estrada ,19
Netherlands,home,79.0,Substitution, Marten de Roon , Teun Koopmeiners ,19
Netherlands,home,80.0,Substitution, Wout Weghorst , Cody Gakpo ,19
Ecuador,away,90.0,Substitution, Kevin RodrÃ­guez , Enner Valencia ,19
Ecuador,away,90.0,Substitution, Romario Ibarra , Gonzalo Plata ,19
Qatar,home,20.0,Yellow card, Ismail Mohammad ,,18
Senegal,away,30.0,Yellow card, Boulaye Dia ,,18
Senegal,away,41.0,Goal, Boulaye Dia ,,18
Qatar,home,47.0,Yellow card, Homam Ahmed ,,18
Senegal,away,48.0,Goal, Famara DiÃ©dhiou , Ismail Jakobs ,18
Senegal,away,52.0,Yellow card, Ismail Jakobs ,,18
Senegal,away,64.0,Substitution, PathÃ© Ciss , KrÃ©pin Diatta ,18
Qatar,home,69.0,Substitution, Abdulaziz Hatem , Karim Boudiaf ,18
Senegal,away,74.0,Substitution, Bamba Dieng , Famara DiÃ©dhiou ,18
Qatar,home,74.0,Substitution, Mohammed Muntari , Hassan Al Haydos ,18
Senegal,away,74.0,Substitution, Iliman Ndiaye , IsmaÃ¯la Sarr ,18
Senegal,away,77.0,Substitution, Pape Abou CissÃ© , Ismail Jakobs ,18
Senegal,away,77.0,Substitution, Pape Matar Sarr , Nampalys Mendy ,18
Qatar,home,78.0,Goal, Mohammed Muntari , Ismail Mohammad ,18
Qatar,home,83.0,Substitution, Tarek Salman , Homam Ahmed ,18
Qatar,home,83.0,Substitution, Mohammed Waad , Pedro Miguel ,18
Senegal,away,84.0,Goal, Bamba Dieng , Iliman Ndiaye ,18
Senegal,away,87.0,Yellow card, PathÃ© Ciss ,,18
Qatar,home,91.0,Yellow card, Assim Madibo ,,18
Iran,away,15.0,Disallowed goal,Disallowed goal,,17
Wales,home,48.0,Yellow card, Joe Rodon ,,17
Wales,home,57.0,Substitution, Brennan Johnson , Connor Roberts ,17
Wales,home,58.0,Substitution, Daniel James , Harry Wilson ,17
Iran,away,68.0,Substitution, Karim Ansarifard , Sardar Azmoun ,17
Iran,away,77.0,Substitution, Alireza Jahanbakhsh , Ali Gholizadeh ,17
Iran,away,77.0,Substitution, Mehdi Torabi , Ehsan Hajsafi ,17
Wales,home,77.0,Substitution, Joe Allen , Ethan Ampadu ,17
Iran,away,78.0,Substitution, Roozbeh Cheshmi , Ahmad Nourollahi ,17
Iran,away,83.0,Substitution, Ali Karimi , Saeid Ezatolahi ,17
Wales,home,86.0,Red card, Wayne Hennessey ,,17
Wales,home,87.0,Substitution, Danny Ward , Aaron Ramsey ,17
Iran,away,94.0,Yellow card, Ramin Rezaeian ,,17
Iran,away,95.0,Yellow card, Alireza Jahanbakhsh ,,17
Iran,away,98.0,Goal, Roozbeh Cheshmi ,,17
Iran,away,101.0,Goal, Ramin Rezaeian , Mehdi Taremi ,17
Serbia,away,7.0,Yellow card, Strahinja PavloviÄ‡ ,,16
Serbia,away,49.0,Yellow card, Nemanja Gudelj ,,16
Serbia,away,57.0,Substitution, Ivan IliÄ‡ , Nemanja Gudelj ,16
Serbia,away,57.0,Substitution, Nemanja RadonjiÄ‡ , Andrija Å½ivkoviÄ‡ ,16
Brazil,home,62.0,Goal, Richarlison ,,16
Serbia,away,64.0,Yellow card, SaÅ¡a LukiÄ‡ ,,16
Serbia,away,66.0,Substitution, Darko LazoviÄ‡ , SaÅ¡a LukiÄ‡ ,16
Serbia,away,66.0,Substitution, DuÅ¡an VlahoviÄ‡ , Filip MladenoviÄ‡ ,16
Brazil,home,73.0,Goal, Richarlison , VinÃ­cius JÃºnior ,16
Brazil,home,75.0,Substitution, Fred , Lucas PaquetÃ¡ ,16
Brazil,home,76.0,Substitution, Rodrygo , VinÃ­cius JÃºnior ,16
Brazil,home,79.0,Substitution, Gabriel Jesus , Richarlison ,16
Brazil,home,80.0,Substitution, Antony , Neymar ,16
Serbia,away,83.0,Substitution, Nemanja MaksimoviÄ‡ , Aleksandar MitroviÄ‡ ,16
Brazil,home,87.0,Substitution, Gabriel Martinelli , Raphinha ,16
Ghana,away,45.0,Yellow card, Mohammed Kudus ,,15
Ghana,away,49.0,Yellow card, AndrÃ© Ayew ,,15
Portugal,home,56.0,Substitution, William Carvalho , OtÃ¡vio ,15
Ghana,away,57.0,Yellow card, Alidu Seidu ,,15
Portugal,home,65.0,Penalty, Cristiano Ronaldo , Penalty ,15
Ghana,away,66.0,Substitution, Tariq Lamptey , Alidu Seidu ,15
Ghana,away,73.0,Goal, AndrÃ© Ayew ,,15
Ghana,away,77.0,Substitution, Osman Bukari , Mohammed Kudus ,15
Portugal,home,77.0,Substitution, Rafael LeÃ£o , RÃºben Neves ,15
Ghana,away,77.0,Substitution, Jordan Ayew , AndrÃ© Ayew ,15
Portugal,home,78.0,Goal, JoÃ£o FÃ©lix , Bruno Fernandes ,15
Portugal,home,80.0,Goal, Rafael LeÃ£o , Bruno Fernandes ,15
Portugal,home,88.0,Substitution, JoÃ£o Palhinha , Bernardo Silva ,15
Portugal,home,88.0,Substitution, JoÃ£o MÃ¡rio , JoÃ£o FÃ©lix ,15
Portugal,home,88.0,Substitution, GonÃ§alo Ramos , Cristiano Ronaldo ,15
Ghana,away,89.0,Goal, Osman Bukari ,,15
Portugal,home,91.0,Yellow card, Danilo Pereira ,,15
Ghana,away,91.0,Yellow card, IÃ±aki Williams ,,15
Ghana,away,92.0,Substitution, Daniel-Kofi Kyereh , Alexander Djiku ,15
Ghana,away,92.0,Substitution, Antoine Semenyo , Salis Abdul Samed ,15
Portugal,home,95.0,Yellow card, Bruno Fernandes ,,15
Uruguay,home,57.0,Yellow card, MartÃ­n CÃ¡ceres ,,14
Uruguay,home,64.0,Substitution, Edinson Cavani , Luis SuÃ¡rez ,14
South Korea,away,74.0,Substitution, Cho Gue-sung , Hwang Ui-jo ,14
South Korea,away,74.0,Substitution, Son Jun-ho , Lee Jae-sung ,14
South Korea,away,75.0,Substitution, Lee Kang-in , Na Sang-ho ,14
Uruguay,home,78.0,Substitution, NicolÃ¡s de la Cruz , MatÃ­as Vecino ,14
Uruguay,home,79.0,Substitution, MatÃ­as ViÃ±a , MathÃ­as Olivera ,14
South Korea,away,88.0,Yellow card, Cho Gue-sung ,,14
Uruguay,home,88.0,Substitution, Guillermo Varela , Facundo Pellistri ,14
Cameroon,away,36.0,Yellow card, C Fai ,,13
Switzerland,home,48.0,Goal, Breel Embolo , Xherdan Shaqiri ,13
Switzerland,home,64.0,Yellow card, Nico Elvedi ,,13
Cameroon,away,68.0,Substitution, GaÃ«l Ondoua , Martin Hongla ,13
Switzerland,home,71.0,Substitution, Fabian Frei , Djibril Sow ,13
Switzerland,home,72.0,Substitution, Noah Okafor , Xherdan Shaqiri ,13
Switzerland,home,72.0,Substitution, Haris Seferovic , Breel Embolo ,13
Cameroon,away,74.0,Substitution, Vincent Aboubakar , Eric Maxim Choupo-Moting ,13
Cameroon,away,74.0,Substitution, Georges-KÃ©vin Nkoudou , Karl Toko Ekambi ,13
Switzerland,home,81.0,Substitution, Fabian Rieder , Ruben Vargas ,13
Cameroon,away,81.0,Substitution, Moumi Ngamaleu , Bryan Mbeumo ,13
Switzerland,home,83.0,Yellow card, Manuel Akanji ,,13
Switzerland,home,90.0,Substitution, Eray CÃ¶mert , Ricardo RodrÃ­guez ,13
Belgium,home,9.0,Yellow card, Yannick Carrasco ,,12
Canada,away,10.0,Missed penalty, Alphonso Davies , Missed penalty ,12
Belgium,home,44.0,Goal, Michy Batshuayi , Toby Alderweireld ,12
Belgium,home,45.0,Substitution, Thomas Meunier , Yannick Carrasco ,12
Belgium,home,45.0,Substitution, Amadou Onana , Youri Tielemans ,12
Belgium,home,53.0,Yellow card, Thomas Meunier ,,12
Belgium,home,56.0,Yellow card, Amadou Onana ,,12
Canada,away,58.0,Substitution, Cyle Larin , Junior Hoilett ,12
Canada,away,58.0,Substitution, IsmaÃ«l KonÃ© , Atiba Hutchinson ,12
Belgium,home,62.0,Substitution, Leandro Trossard , Eden Hazard ,12
Canada,away,74.0,Substitution, Sam Adekugbe , Richie Laryea ,12
Belgium,home,78.0,Substitution, LoÃ¯s Openda , Michy Batshuayi ,12
Canada,away,81.0,Yellow card, Alphonso Davies ,,12
Canada,away,81.0,Substitution, Jonathan Osorio , Stephen EustÃ¡quio ,12
Canada,away,81.0,Substitution, Liam Millar , Tajon Buchanan ,12
Canada,away,83.0,Yellow card, Alistair Johnston ,,12
Spain,home,11.0,Goal, Dani Olmo ,,11
Spain,home,21.0,Goal, Marco Asensio , Jordi Alba ,11
Spain,home,31.0,Penalty, Ferran Torres , Penalty ,11
Costa Rica,away,45.0,Substitution, Kendall Waston , Carlos MartÃ­nez ,11
Spain,home,54.0,Goal, Ferran Torres ,,11
Spain,home,57.0,Substitution, Ãlvaro Morata , Ferran Torres ,11
Spain,home,57.0,Substitution, Carlos Soler , Pedri ,11
Costa Rica,away,61.0,Substitution, Ãlvaro Zamora , Anthony Contreras ,11
Costa Rica,away,61.0,Substitution, Bryan Ruiz , Jewison Bennette ,11
Spain,home,64.0,Substitution, Alejandro BaldÃ© , Jordi Alba ,11
Spain,home,64.0,Substitution, Koke , Sergio Busquets ,11
Costa Rica,away,68.0,Yellow card, Francisco Calvo ,,11
Spain,home,69.0,Substitution, Nico Williams , Marco Asensio ,11
Costa Rica,away,72.0,Substitution, Brandon Aguilera , Celso Borges ,11
Spain,home,74.0,Goal, Gavi , Ãlvaro Morata ,11
Costa Rica,away,82.0,Substitution, RÃ³nald Matarrita , Bryan Oviedo ,11
Spain,home,90.0,Goal, Carlos Soler ,,11
Spain,home,92.0,Goal, Ãlvaro Morata , Dani Olmo ,11
Costa Rica,away,97.0,Yellow card, Joel Campbell ,,11
Germany,home,33.0,Penalty, Ilkay GÃ¼ndoÄŸan , Penalty ,10
Germany,home,49.0,Disallowed goal,Disallowed goal,,10
Japan,away,45.0,Substitution, Takehiro Tomiyasu , Takefusa Kubo ,10
Japan,away,57.0,Substitution, Kaoru Mitoma , Yuto Nagatomo ,10
Japan,away,57.0,Substitution, Takuma Asano , Daizen Maeda ,10
Germany,home,67.0,Substitution, Jonas Hofmann , Thomas MÃ¼ller ,10
Germany,home,67.0,Substitution, Leon Goretzka , Ilkay GÃ¼ndoÄŸan ,10
Japan,away,71.0,Substitution, Ritsu DÅan , Ao Tanaka ,10
Japan,away,74.0,Substitution, Takumi Minamino , Hiroki Sakai ,10
Japan,away,75.0,Goal, Ritsu DÅan ,,10
Germany,home,79.0,Substitution, Mario GÃ¶tze , Jamal Musiala ,10
Germany,home,79.0,Substitution, Niclas FÃ¼llkrug , Kai Havertz ,10
Japan,away,83.0,Goal, Takuma Asano , Ko Itakura ,10
Germany,home,90.0,Substitution, Youssoufa Moukoko , Serge Gnabry ,10
Croatia,away,45.0,Substitution, Mario PaÅ¡aliÄ‡ , Nikola VlaÅ¡iÄ‡ ,9
Morocco,home,60.0,Substitution, Yahia Attiyat Allah , Noussair Mazraoui ,9
Morocco,home,65.0,Substitution, Abdessamad Ezzalzouli , Sofiane Boufal ,9
Croatia,away,71.0,Substitution, Marko Livaja , Andrej KramariÄ‡ ,9
Morocco,home,78.0,Yellow card, Sofyan Amrabat ,,9
Croatia,away,79.0,Substitution, Lovro Majer , Mateo KovaÄiÄ‡ ,9
Morocco,home,81.0,Substitution, Abderrazak Hamdallah , Youssef En-Nesyri ,9
Morocco,home,82.0,Substitution, Abdelhamid Sabiri , Azzedine Ounahi ,9
Croatia,away,90.0,Substitution, Mislav OrÅ¡iÄ‡ , Ivan PeriÅ¡iÄ‡ ,9
Australia,away,9.0,Goal, Craig Goodwin , Mathew Leckie ,8
France,home,13.0,Substitution, Theo Hernandez , Lucas Hernandez ,8
France,home,27.0,Goal, Adrien Rabiot , Theo Hernandez ,8
France,home,32.0,Goal, Olivier Giroud , Adrien Rabiot ,8
Australia,away,55.0,Yellow card, Mitchell Duke ,,8
Australia,away,56.0,Substitution, Jason Cummings , Mitchell Duke ,8
France,home,68.0,Goal, Kylian MbappÃ© , Ousmane DembÃ©lÃ© ,8
France,home,71.0,Goal, Olivier Giroud , Kylian MbappÃ© ,8
Australia,away,73.0,Substitution, Awer Mabil , Riley McGree ,8
Australia,away,73.0,Substitution, Garang Kuol , Craig Goodwin ,8
France,home,77.0,Substitution, Youssouf Fofana , AurÃ©lien TchouamÃ©ni ,8
France,home,77.0,Substitution, Kingsley Coman , Ousmane DembÃ©lÃ© ,8
Australia,away,80.0,Yellow card, Jackson Irvine ,,8
Australia,away,85.0,Substitution, Keanu Baccus , Jackson Irvine ,8
Australia,away,85.0,Substitution, MiloÅ¡ Degenek , Nathaniel Atkinson ,8
France,home,89.0,Substitution, Jules KoundÃ© , Benjamin Pavard ,8
France,home,89.0,Substitution, Marcus Thuram , Olivier Giroud ,8
Australia,away,94.0,Yellow card, Aaron Mooy ,,8
Mexico,home,29.0,Yellow card, Jorge SÃ¡nchez ,,7
Poland,away,45.0,Substitution, Krystian Bielik , Nicola Zalewski ,7
Mexico,home,56.0,Yellow card, HÃ©ctor Moreno ,,7
Poland,away,58.0,Missed penalty, Robert Lewandowski , Missed penalty ,7
Mexico,home,71.0,Substitution, Carlos RodrÃ­guez , HÃ©ctor Herrera ,7
Mexico,home,71.0,Substitution, RaÃºl JimÃ©nez , Henry MartÃ­n ,7
Poland,away,72.0,Substitution, PrzemysÅ‚aw Frankowski , Sebastian SzymaÅ„ski ,7
Poland,away,76.0,Yellow card, PrzemysÅ‚aw Frankowski ,,7
Mexico,home,84.0,Substitution, Uriel Antuna , Alexis Vega ,7
Poland,away,87.0,Substitution, Arek Milik , Piotr ZieliÅ„ski ,7
Denmark,home,24.0,Yellow card, Rasmus Kristensen ,,6
Denmark,home,46.0,Substitution, Mikkel Damsgaard , Thomas Delaney ,6
Denmark,home,65.0,Substitution, Mathias Jensen , Simon KjÃ¦r ,6
Denmark,home,65.0,Substitution, Jesper LindstrÃ¸m , Andreas Skov Olsen ,6
Denmark,home,65.0,Substitution, Andreas Cornelius , Kasper Dolberg ,6
Tunisia,away,67.0,Substitution, NaÃ¯m Sliti , Anis Ben Slimane ,6
Denmark,home,78.0,Yellow card, Mathias Jensen ,,6
Tunisia,away,80.0,Substitution, Hannibal Mejbri , Youssef Msakni ,6
Tunisia,away,80.0,Substitution, Taha Yassine Khenissi , Issam Jebali ,6
Tunisia,away,86.0,Yellow card, Taha Yassine Khenissi ,,6
Tunisia,away,88.0,Substitution, Wajdi Kechrida , Mohamed DrÃ¤ger ,6
Tunisia,away,88.0,Substitution, Ferjani Sassi , AÃ¯ssa LaÃ¯douni ,6
Argentina,home,10.0,Penalty, Lionel Messi , Penalty ,5
Argentina,home,28.0,Disallowed goal,Disallowed goal,,5
Saudi Arabia,away,49.0,Substitution, Nawaf Al-Abed , Salman Al-Faraj ,5
Saudi Arabia,away,48.0,Goal, Saleh Al-Shehri , Firas Al-Buraikan ,5
Saudi Arabia,away,53.0,Goal, Salem Al-Dawsari ,,5
Argentina,home,59.0,Substitution, Lisandro MartÃ­nez , Cristian Romero ,5
Argentina,home,59.0,Substitution, JuliÃ¡n Ãlvarez , Papu GÃ³mez ,5
Argentina,home,59.0,Substitution, Enzo FernÃ¡ndez , Leandro Paredes ,5
Saudi Arabia,away,67.0,Yellow card, Abdulellah Al-Malki ,,5
Argentina,home,71.0,Substitution, Marcos AcuÃ±a , NicolÃ¡s Tagliafico ,5
Saudi Arabia,away,75.0,Yellow card, Ali Al-Bulaihi ,,5
Saudi Arabia,away,78.0,Substitution, Sultan Al-Ghanam , Saleh Al-Shehri ,5
Saudi Arabia,away,79.0,Yellow card, Salem Al-Dawsari ,,5
Saudi Arabia,away,82.0,Yellow card, Saud Abdulhamid ,,5
Saudi Arabia,away,88.0,Substitution, Abdulelah Al-Amri , Nawaf Al-Abed ,5
Saudi Arabia,away,88.0,Yellow card, Nawaf Al-Abed ,,5
Saudi Arabia,away,89.0,Substitution, Haitham Asiri , Firas Al-Buraikan ,5
Saudi Arabia,away,92.0,Yellow card, Mohammed Al-Owais ,,5
Saudi Arabia,away,99.0,Substitution, Mohammed Al-Breik , Yasser Al-Shahrani ,5
USA,home,11.0,Yellow card, SergiÃ±o Dest ,,4
USA,home,13.0,Yellow card, Weston McKennie ,,4
USA,home,36.0,Goal, Tim Weah , Christian Pulisic ,4
Wales,away,40.0,Yellow card, Gareth Bale ,,4
Wales,away,48.0,Yellow card, Chris Mepham ,,4
Wales,away,45.0,Substitution, Kieffer Moore , Daniel James ,4
USA,home,51.0,Yellow card, Tim Ream ,,4
USA,home,66.0,Substitution, Brenden Aaronson , Weston McKennie ,4
USA,home,74.0,Substitution, Haji Wright , Josh Sargent ,4
USA,home,74.0,Substitution, DeAndre Yedlin , SergiÃ±o Dest ,4
USA,home,75.0,Substitution, Kellyn Acosta , Yunus Musah ,4
Wales,away,79.0,Substitution, Brennan Johnson , Neco Williams ,4
Wales,away,82.0,Penalty, Gareth Bale , Penalty ,4
USA,home,88.0,Substitution, Jordan Morris , Tim Weah ,4
Wales,away,93.0,Substitution, Sorba Thomas , Harry Wilson ,4
Wales,away,95.0,Substitution, Joe Morrell , Ethan Ampadu ,4
USA,home,100.0,Yellow card, Kellyn Acosta ,,4
Netherlands,away,56.0,Yellow card, Matthijs de Ligt ,,3
Netherlands,away,62.0,Substitution, Memphis , Vincent Janssen ,3
Senegal,home,62.0,Substitution, Ismail Jakobs , Abdou Diallo ,3
Senegal,home,69.0,Substitution, Bamba Dieng , Boulaye Dia ,3
Senegal,home,73.0,Substitution, Nicolas Jackson , KrÃ©pin Diatta ,3
Senegal,home,73.0,Substitution, Pape Gueye , Cheikhou KouyatÃ© ,3
Netherlands,away,79.0,Substitution, Davy Klaassen , Steven Bergwijn ,3
Netherlands,away,79.0,Substitution, Teun Koopmeiners , Steven Berghuis ,3
Netherlands,away,84.0,Goal, Cody Gakpo , Frenkie de Jong ,3
Senegal,home,94.0,Yellow card, Nampalys Mendy ,,3
Netherlands,away,94.0,Substitution, Marten de Roon , Cody Gakpo ,3
Senegal,home,96.0,Yellow card, Idrissa Gueye ,,3
Netherlands,away,99.0,Goal, Davy Klaassen ,,3
Iran,away,20.0,Substitution, Hossein Hosseini , Alireza Beiranvand ,2
Iran,away,25.0,Yellow card, Alireza Jahanbakhsh ,,2
England,home,35.0,Goal, Jude Bellingham , Luke Shaw ,2
England,home,43.0,Goal, Bukayo Saka , Harry Maguire ,2
England,home,46.0,Goal, Raheem Sterling , Harry Kane ,2
Iran,away,45.0,Substitution, Saeid Ezatolahi , Ali Karimi ,2
Iran,away,45.0,Substitution, Ali Gholizadeh , Alireza Jahanbakhsh ,2
Iran,away,45.0,Substitution, Hossein Kanani , Roozbeh Cheshmi ,2
Iran,away,48.0,Yellow card, Morteza Pouraliganji ,,2
England,home,62.0,Goal, Bukayo Saka , Raheem Sterling ,2
Iran,away,63.0,Substitution, Mehdi Torabi , Milad Mohammadi ,2
Iran,away,65.0,Goal, Mehdi Taremi , Ali Gholizadeh ,2
England,home,70.0,Substitution, Eric Dier , Harry Maguire ,2
England,home,71.0,Substitution, Marcus Rashford , Bukayo Saka ,2
England,home,71.0,Substitution, Jack Grealish , Raheem Sterling ,2
England,home,71.0,Substitution, Phil Foden , Mason Mount ,2
England,home,71.0,Goal, Marcus Rashford , Harry Kane ,2
England,home,76.0,Substitution, Callum Wilson , Harry Kane ,2
Iran,away,77.0,Substitution, Sardar Azmoun , Ahmad Nourollahi ,2
England,home,90.0,Goal, Jack Grealish , Callum Wilson ,2
Iran,away,103.0,Penalty, Mehdi Taremi , Penalty ,2
Ecuador,away,4.0,Disallowed goal,Disallowed goal,,1
Qatar,home,15.0,Yellow card, Saad Al Sheeb ,,1
Ecuador,away,16.0,Penalty, Enner Valencia , Penalty ,1
Qatar,home,22.0,Yellow card, Almoez Ali ,,1
Ecuador,away,29.0,Yellow card, MoisÃ©s Caicedo ,,1
Ecuador,away,31.0,Goal, Enner Valencia , Ãngelo Preciado ,1
Qatar,home,36.0,Yellow card, Karim Boudiaf ,,1
Ecuador,away,56.0,Yellow card, Jhegson MÃ©ndez ,,1
Ecuador,away,68.0,Substitution, Jeremy Sarmiento , Romario Ibarra ,1
Qatar,home,71.0,Substitution, Mohammed Waad , Hassan Al Haydos ,1
Qatar,home,72.0,Substitution, Mohammed Muntari , Almoez Ali ,1
Ecuador,away,77.0,Substitution, JosÃ© Cifuentes , Enner Valencia ,1
Qatar,home,78.0,Yellow card, Akram Afif ,,1
Ecuador,away,90.0,Substitution, Kevin RodrÃ­guez , Michael Estrada ,1
Ecuador,away,90.0,Substitution, Alan Franco , MoisÃ©s Caicedo ,1
